period,group,name,value
2016-07-31,tenor,0-5 years,2866.6355
2016-07-31,tenor,5-10 years,2095.8165
2016-07-31,tenor,10-20 years,1219.082
2016-07-31,tenor,20+ years,36.759
2016-07-31,tenor,Total,6218.293
2016-08-31,tenor,0-5 years,1857.1245
2016-08-31,tenor,5-10 years,1287.2095
2016-08-31,tenor,10-20 years,677.851
2016-08-31,tenor,20+ years,43.81
2016-08-31,tenor,Total,3865.995
2016-09-30,tenor,0-5 years,1095.861
2016-09-30,tenor,5-10 years,1046.656
2016-09-30,tenor,10-20 years,243.195
2016-09-30,tenor,20+ years,64.3965
2016-09-30,tenor,Total,2450.1085
2016-10-31,tenor,0-5 years,1215.992
2016-10-31,tenor,5-10 years,1483.9635
2016-10-31,tenor,10-20 years,639.74
2016-10-31,tenor,20+ years,136.607
2016-10-31,tenor,Total,3476.3025
2016-11-30,tenor,0-5 years,1352.1545
2016-11-30,tenor,5-10 years,1433.016
2016-11-30,tenor,10-20 years,582.482
2016-11-30,tenor,20+ years,228.2665
2016-11-30,tenor,Total,3595.919
2016-12-31,tenor,0-5 years,771.242
2016-12-31,tenor,5-10 years,1552.2085
2016-12-31,tenor,10-20 years,552.608
2016-12-31,tenor,20+ years,100.88
2016-12-31,tenor,Total,2976.9385
2017-01-31,tenor,0-5 years,612.0075
2017-01-31,tenor,5-10 years,879.329
2017-01-31,tenor,10-20 years,272.097
2017-01-31,tenor,20+ years,34.154
2017-01-31,tenor,Total,1797.5875
2017-02-28,tenor,0-5 years,1411.775
2017-02-28,tenor,5-10 years,1405.489
2017-02-28,tenor,10-20 years,723.6635
2017-02-28,tenor,20+ years,689.2825
2017-02-28,tenor,Total,4230.21
2017-03-31,tenor,0-5 years,1301.634
2017-03-31,tenor,5-10 years,940.31
2017-03-31,tenor,10-20 years,972.512
2017-03-31,tenor,20+ years,384.8695
2017-03-31,tenor,Total,3599.3255
2017-04-30,tenor,0-5 years,1083.5265
2017-04-30,tenor,5-10 years,442.9075
2017-04-30,tenor,10-20 years,748.1795
2017-04-30,tenor,20+ years,180.1795
2017-04-30,tenor,Total,2454.793
2017-05-31,tenor,0-5 years,2663.0415
2017-05-31,tenor,5-10 years,1026.479
2017-05-31,tenor,10-20 years,492.507
2017-05-31,tenor,20+ years,63.846
2017-05-31,tenor,Total,4245.8735
2017-06-30,tenor,0-5 years,1456.909
2017-06-30,tenor,5-10 years,762.0385
2017-06-30,tenor,10-20 years,522.4775
2017-06-30,tenor,20+ years,107.8515
2017-06-30,tenor,Total,2849.2765
2017-07-31,tenor,0-5 years,1508.0925
2017-07-31,tenor,5-10 years,1222.371
2017-07-31,tenor,10-20 years,605.8565
2017-07-31,tenor,20+ years,219.304
2017-07-31,tenor,Total,3555.624
2017-08-31,tenor,0-5 years,3557.93
2017-08-31,tenor,5-10 years,1281.4885
2017-08-31,tenor,10-20 years,1540.3265
2017-08-31,tenor,20+ years,122.107
2017-08-31,tenor,Total,6501.852
2017-09-30,tenor,0-5 years,1680.1175
2017-09-30,tenor,5-10 years,1501.3055
2017-09-30,tenor,10-20 years,2202.0965
2017-09-30,tenor,20+ years,108.3455
2017-09-30,tenor,Total,5491.865
2017-10-31,tenor,0-5 years,935.2835
2017-10-31,tenor,5-10 years,990.44
2017-10-31,tenor,10-20 years,1135.479
2017-10-31,tenor,20+ years,175.558
2017-10-31,tenor,Total,3236.7605
2017-11-30,tenor,0-5 years,2055.8155
2017-11-30,tenor,5-10 years,1117.2285
2017-11-30,tenor,10-20 years,1057.789
2017-11-30,tenor,20+ years,54.398
2017-11-30,tenor,Total,4285.231
2017-12-31,tenor,0-5 years,1342.628
2017-12-31,tenor,5-10 years,1291.7555
2017-12-31,tenor,10-20 years,493.577
2017-12-31,tenor,20+ years,105.639
2017-12-31,tenor,Total,3233.5995
2018-01-31,tenor,0-5 years,1200.4155
2018-01-31,tenor,5-10 years,989.1885
2018-01-31,tenor,10-20 years,583.9595
2018-01-31,tenor,20+ years,61.6305
2018-01-31,tenor,Total,2835.194
2018-02-28,tenor,0-5 years,942.909
2018-02-28,tenor,5-10 years,1476.1695
2018-02-28,tenor,10-20 years,799.2855
2018-02-28,tenor,20+ years,108.96
2018-02-28,tenor,Total,3327.324
2018-03-31,tenor,0-5 years,1121.981
2018-03-31,tenor,5-10 years,2002.567
2018-03-31,tenor,10-20 years,706.6665
2018-03-31,tenor,20+ years,374.7675
2018-03-31,tenor,Total,4205.982
2018-04-30,tenor,0-5 years,1135.4715
2018-04-30,tenor,5-10 years,1248.039
2018-04-30,tenor,10-20 years,1387.4845
2018-04-30,tenor,20+ years,103.076
2018-04-30,tenor,Total,3874.071
2018-05-31,tenor,0-5 years,1757.599
2018-05-31,tenor,5-10 years,2142.0465
2018-05-31,tenor,10-20 years,1156.398
2018-05-31,tenor,20+ years,210.3935
2018-05-31,tenor,Total,5266.437
2018-06-30,tenor,0-5 years,1951.083
2018-06-30,tenor,5-10 years,1622.544
2018-06-30,tenor,10-20 years,978.7895
2018-06-30,tenor,20+ years,219.374
2018-06-30,tenor,Total,4771.7905
2018-07-31,tenor,0-5 years,1354.908
2018-07-31,tenor,5-10 years,1079.2135
2018-07-31,tenor,10-20 years,677.8215
2018-07-31,tenor,20+ years,176.458
2018-07-31,tenor,Total,3288.401
2018-08-31,tenor,0-5 years,1887.2355
2018-08-31,tenor,5-10 years,1281.335
2018-08-31,tenor,10-20 years,671.162
2018-08-31,tenor,20+ years,227.4785
2018-08-31,tenor,Total,4067.211
2018-09-30,tenor,0-5 years,2165.366
2018-09-30,tenor,5-10 years,2193.617
2018-09-30,tenor,10-20 years,1624.0745
2018-09-30,tenor,20+ years,2731.4725
2018-09-30,tenor,Total,8714.53
2018-10-31,tenor,0-5 years,895.2635
2018-10-31,tenor,5-10 years,1832.552
2018-10-31,tenor,10-20 years,636.9105
2018-10-31,tenor,20+ years,1125.418
2018-10-31,tenor,Total,4490.144
2018-11-30,tenor,0-5 years,932.434
2018-11-30,tenor,5-10 years,1212.3695
2018-11-30,tenor,10-20 years,371.907
2018-11-30,tenor,20+ years,304.1
2018-11-30,tenor,Total,2820.8105
2018-12-31,tenor,0-5 years,780.092
2018-12-31,tenor,5-10 years,1230.1735
2018-12-31,tenor,10-20 years,449.4215
2018-12-31,tenor,20+ years,268.4955
2018-12-31,tenor,Total,2728.1825
2019-01-31,tenor,0-5 years,696.271
2019-01-31,tenor,5-10 years,1452.0245
2019-01-31,tenor,10-20 years,461.6185
2019-01-31,tenor,20+ years,316.764
2019-01-31,tenor,Total,2926.678
2019-02-28,tenor,0-5 years,1193.395
2019-02-28,tenor,5-10 years,1774.88
2019-02-28,tenor,10-20 years,565.8875
2019-02-28,tenor,20+ years,481.3675
2019-02-28,tenor,Total,4015.53
2019-03-31,tenor,0-5 years,592.5635
2019-03-31,tenor,5-10 years,2186.077
2019-03-31,tenor,10-20 years,872.4685
2019-03-31,tenor,20+ years,702.4575
2019-03-31,tenor,Total,4353.5665
2019-04-30,tenor,0-5 years,693.3095
2019-04-30,tenor,5-10 years,1476.4225
2019-04-30,tenor,10-20 years,1732.6405
2019-04-30,tenor,20+ years,558.8675
2019-04-30,tenor,Total,4461.24
2019-05-31,tenor,0-5 years,2545.9275
2019-05-31,tenor,5-10 years,2111.616
2019-05-31,tenor,10-20 years,1631.5185
2019-05-31,tenor,20+ years,409.593
2019-05-31,tenor,Total,6698.655
2019-06-30,tenor,0-5 years,989.4815
2019-06-30,tenor,5-10 years,1299.314
2019-06-30,tenor,10-20 years,1044.5055
2019-06-30,tenor,20+ years,421.811
2019-06-30,tenor,Total,3755.112
2019-07-31,tenor,0-5 years,813.266
2019-07-31,tenor,5-10 years,1164.398
2019-07-31,tenor,10-20 years,913.342
2019-07-31,tenor,20+ years,536.746
2019-07-31,tenor,Total,3427.752
2019-08-31,tenor,0-5 years,1099.912
2019-08-31,tenor,5-10 years,2541.6925
2019-08-31,tenor,10-20 years,1221.381
2019-08-31,tenor,20+ years,402.0025
2019-08-31,tenor,Total,5264.988
2019-09-30,tenor,0-5 years,946.967
2019-09-30,tenor,5-10 years,1790.949
2019-09-30,tenor,10-20 years,1007.417
2019-09-30,tenor,20+ years,368.16
2019-09-30,tenor,Total,4113.493
2019-10-31,tenor,0-5 years,776.236
2019-10-31,tenor,5-10 years,1684.5835
2019-10-31,tenor,10-20 years,1103.6295
2019-10-31,tenor,20+ years,352.0905
2019-10-31,tenor,Total,3916.5395
2019-11-30,tenor,0-5 years,1223.145
2019-11-30,tenor,5-10 years,1529.6155
2019-11-30,tenor,10-20 years,1397.433
2019-11-30,tenor,20+ years,549.744
2019-11-30,tenor,Total,4699.9375
2019-12-31,tenor,0-5 years,354.475
2019-12-31,tenor,5-10 years,823.4145
2019-12-31,tenor,10-20 years,294.0105
2019-12-31,tenor,20+ years,102.863
2019-12-31,tenor,Total,1574.763
2020-01-31,tenor,0-5 years,625.77
2020-01-31,tenor,5-10 years,1723.8595
2020-01-31,tenor,10-20 years,1034.7335
2020-01-31,tenor,20+ years,338.173
2020-01-31,tenor,Total,3722.536
2020-02-29,tenor,0-5 years,676.835
2020-02-29,tenor,5-10 years,877.09
2020-02-29,tenor,10-20 years,633.3225
2020-02-29,tenor,20+ years,204.7595
2020-02-29,tenor,Total,2392.007
2020-03-31,tenor,0-5 years,668.1885
2020-03-31,tenor,5-10 years,2567.035
2020-03-31,tenor,10-20 years,2262.359
2020-03-31,tenor,20+ years,641.6105
2020-03-31,tenor,Total,6139.193
2020-04-30,tenor,0-5 years,1454.186
2020-04-30,tenor,5-10 years,962.703
2020-04-30,tenor,10-20 years,751.4715
2020-04-30,tenor,20+ years,454.67
2020-04-30,tenor,Total,3623.0305
2020-05-31,tenor,0-5 years,716.759
2020-05-31,tenor,5-10 years,1308.159
2020-05-31,tenor,10-20 years,911.217
2020-05-31,tenor,20+ years,809.217
2020-05-31,tenor,Total,3745.352
2020-06-30,tenor,0-5 years,681.259
2020-06-30,tenor,5-10 years,2592.74
2020-06-30,tenor,10-20 years,1786.486
2020-06-30,tenor,20+ years,868.249
2020-06-30,tenor,Total,5928.734
2020-07-31,tenor,0-5 years,1332.814
2020-07-31,tenor,5-10 years,2815.5695
2020-07-31,tenor,10-20 years,1798.3065
2020-07-31,tenor,20+ years,818.2295
2020-07-31,tenor,Total,6764.9195
2020-08-31,tenor,0-5 years,1411.424
2020-08-31,tenor,5-10 years,3347.4235
2020-08-31,tenor,10-20 years,2043.0515
2020-08-31,tenor,20+ years,774.535
2020-08-31,tenor,Total,7576.434
2020-09-30,tenor,0-5 years,2441.4225
2020-09-30,tenor,5-10 years,2182.161
2020-09-30,tenor,10-20 years,1100.961
2020-09-30,tenor,20+ years,423.523
2020-09-30,tenor,Total,6148.0675
2020-10-31,tenor,0-5 years,1725.1105
2020-10-31,tenor,5-10 years,1156.95
2020-10-31,tenor,10-20 years,821.533
2020-10-31,tenor,20+ years,236.738
2020-10-31,tenor,Total,3940.3315
2020-11-30,tenor,0-5 years,1601.955
2020-11-30,tenor,5-10 years,1885.289
2020-11-30,tenor,10-20 years,589.48
2020-11-30,tenor,20+ years,287.471
2020-11-30,tenor,Total,4364.195
2020-12-31,tenor,0-5 years,767.303
2020-12-31,tenor,5-10 years,1282.926
2020-12-31,tenor,10-20 years,516.202
2020-12-31,tenor,20+ years,209.884
2020-12-31,tenor,Total,2776.315
2021-01-31,tenor,0-5 years,1929.803
2021-01-31,tenor,5-10 years,969.511
2021-01-31,tenor,10-20 years,423.394
2021-01-31,tenor,20+ years,296.419
2021-01-31,tenor,Total,3619.127
2021-02-28,tenor,0-5 years,4132.806
2021-02-28,tenor,5-10 years,1804.896
2021-02-28,tenor,10-20 years,1008.387
2021-02-28,tenor,20+ years,506.346
2021-02-28,tenor,Total,7452.435
2021-03-31,tenor,0-5 years,3192.365
2021-03-31,tenor,5-10 years,1628.568
2021-03-31,tenor,10-20 years,1033.064
2021-03-31,tenor,20+ years,184.321
2021-03-31,tenor,Total,6038.318
2021-04-30,tenor,0-5 years,878.531
2021-04-30,tenor,5-10 years,1186.105
2021-04-30,tenor,10-20 years,1046.6295
2021-04-30,tenor,20+ years,174.236
2021-04-30,tenor,Total,3285.5015
2021-05-31,tenor,0-5 years,506.218
2021-05-31,tenor,5-10 years,1143.5705
2021-05-31,tenor,10-20 years,799.574
2021-05-31,tenor,20+ years,296.344
2021-05-31,tenor,Total,2745.7065
2021-06-30,tenor,0-5 years,999.731
2021-06-30,tenor,5-10 years,1578.4445
2021-06-30,tenor,10-20 years,601.392
2021-06-30,tenor,20+ years,152.126
2021-06-30,tenor,Total,3331.6935
2021-07-31,tenor,0-5 years,1511.877
2021-07-31,tenor,5-10 years,1121.28
2021-07-31,tenor,10-20 years,508.133
2021-07-31,tenor,20+ years,107.523
2021-07-31,tenor,Total,3248.813
2021-08-31,tenor,0-5 years,1251.244
2021-08-31,tenor,5-10 years,2304.404
2021-08-31,tenor,10-20 years,1423.929
2021-08-31,tenor,20+ years,436.711
2021-08-31,tenor,Total,5416.288
2021-09-30,tenor,0-5 years,461.853
2021-09-30,tenor,5-10 years,1727.224
2021-09-30,tenor,10-20 years,1198.237
2021-09-30,tenor,20+ years,106.191
2021-09-30,tenor,Total,3493.505
2021-10-31,tenor,0-5 years,1693.217
2021-10-31,tenor,5-10 years,2493.248
2021-10-31,tenor,10-20 years,1457.033
2021-10-31,tenor,20+ years,229.955
2021-10-31,tenor,Total,5873.453
2021-11-30,tenor,0-5 years,1106.859
2021-11-30,tenor,5-10 years,1789.176
2021-11-30,tenor,10-20 years,1080.8495
2021-11-30,tenor,20+ years,114.2195
2021-11-30,tenor,Total,4091.104
2021-12-31,tenor,0-5 years,334.012
2021-12-31,tenor,5-10 years,937.2625
2021-12-31,tenor,10-20 years,654.1405
2021-12-31,tenor,20+ years,28.6095
2021-12-31,tenor,Total,1954.0245
2022-01-31,tenor,0-5 years,1165.109
2022-01-31,tenor,5-10 years,1263.313
2022-01-31,tenor,10-20 years,754.508
2022-01-31,tenor,20+ years,75.219
2022-01-31,tenor,Total,3258.149
2022-02-28,tenor,0-5 years,1649.167
2022-02-28,tenor,5-10 years,1951.228
2022-02-28,tenor,10-20 years,986.499
2022-02-28,tenor,20+ years,47.333
2022-02-28,tenor,Total,4634.227
2022-03-31,tenor,0-5 years,1388.226
2022-03-31,tenor,5-10 years,1812.152
2022-03-31,tenor,10-20 years,2153.649
2022-03-31,tenor,20+ years,246.243
2022-03-31,tenor,Total,5600.27
2022-04-30,tenor,0-5 years,409.257
2022-04-30,tenor,5-10 years,931.273
2022-04-30,tenor,10-20 years,1325.667
2022-04-30,tenor,20+ years,141.434
2022-04-30,tenor,Total,2807.631
2022-05-31,tenor,0-5 years,286.549
2022-05-31,tenor,5-10 years,1756.796
2022-05-31,tenor,10-20 years,2085.424
2022-05-31,tenor,20+ years,340.092
2022-05-31,tenor,Total,4468.861
2022-06-30,tenor,0-5 years,603.95
2022-06-30,tenor,5-10 years,1955.886
2022-06-30,tenor,10-20 years,1493.356
2022-06-30,tenor,20+ years,158.165
2022-06-30,tenor,Total,4211.357
2022-07-31,tenor,0-5 years,218.403
2022-07-31,tenor,5-10 years,1611.191
2022-07-31,tenor,10-20 years,1019.33
2022-07-31,tenor,20+ years,173.85
2022-07-31,tenor,Total,3022.774
2022-08-31,tenor,0-5 years,1136.116
2022-08-31,tenor,5-10 years,1067.07
2022-08-31,tenor,10-20 years,1164.306
2022-08-31,tenor,20+ years,95.152
2022-08-31,tenor,Total,3462.644
2022-09-30,tenor,0-5 years,1757.583
2022-09-30,tenor,5-10 years,1443.33
2022-09-30,tenor,10-20 years,1028.475
2022-09-30,tenor,20+ years,139.18
2022-09-30,tenor,Total,4368.568
2022-10-31,tenor,0-5 years,1237.494
2022-10-31,tenor,5-10 years,1427.056
2022-10-31,tenor,10-20 years,929.278
2022-10-31,tenor,20+ years,137.494
2022-10-31,tenor,Total,3731.322
2022-11-30,tenor,0-5 years,2584.239
2022-11-30,tenor,5-10 years,2080.021
2022-11-30,tenor,10-20 years,645.629
2022-11-30,tenor,20+ years,203.629
2022-11-30,tenor,Total,5513.518
2022-12-31,tenor,0-5 years,902.749
2022-12-31,tenor,5-10 years,903.093
2022-12-31,tenor,10-20 years,549.214
2022-12-31,tenor,20+ years,97.347
2022-12-31,tenor,Total,2452.403
2023-01-31,tenor,0-5 years,1571.926
2023-01-31,tenor,5-10 years,734.545
2023-01-31,tenor,10-20 years,279.141
2023-01-31,tenor,20+ years,114.265
2023-01-31,tenor,Total,2699.877
2023-02-28,tenor,0-5 years,1269.208
2023-02-28,tenor,5-10 years,927.224
2023-02-28,tenor,10-20 years,339.019
2023-02-28,tenor,20+ years,134.039
2023-02-28,tenor,Total,2669.49
2023-03-31,tenor,0-5 years,2419.565
2023-03-31,tenor,5-10 years,786.684
2023-03-31,tenor,10-20 years,431.936
2023-03-31,tenor,20+ years,87.189
2023-03-31,tenor,Total,3725.374
2023-04-30,tenor,0-5 years,1077.334
2023-04-30,tenor,5-10 years,688.471
2023-04-30,tenor,10-20 years,351.962
2023-04-30,tenor,20+ years,84.291
2023-04-30,tenor,Total,2202.058
2023-05-31,tenor,0-5 years,1791.8365
2023-05-31,tenor,5-10 years,1275.868
2023-05-31,tenor,10-20 years,1102.294
2023-05-31,tenor,20+ years,226.7625
2023-05-31,tenor,Total,4396.761
2023-06-30,tenor,0-5 years,2613.19
2023-06-30,tenor,5-10 years,1082.837
2023-06-30,tenor,10-20 years,658.3455
2023-06-30,tenor,20+ years,132.887
2023-06-30,tenor,Total,4487.2595
2016-09-30,investor_type,Reserve Bank of Australia,NA
2016-09-30,investor_type,Interbank,3441.7595
2016-09-30,investor_type,Bank balance sheet,69.383
2016-09-30,investor_type,Other domestic,7267.697
2016-09-30,investor_type,Japan,4.857
2016-09-30,investor_type,Asia (ex Japan),305.551
2016-09-30,investor_type,UK,436.199
2016-09-30,investor_type,Europe,170.985
2016-09-30,investor_type,Americas,759.14
2016-09-30,investor_type,Other international,78.825
2016-09-30,investor_type,Total,12534.3965
2016-12-31,investor_type,Reserve Bank of Australia,NA
2016-12-31,investor_type,Interbank,3020.852
2016-12-31,investor_type,Bank balance sheet,13.748
2016-12-31,investor_type,Other domestic,4872.622
2016-12-31,investor_type,Japan,1.671
2016-12-31,investor_type,Asia (ex Japan),571.11
2016-12-31,investor_type,UK,447.952
2016-12-31,investor_type,Europe,440.47
2016-12-31,investor_type,Americas,638.959
2016-12-31,investor_type,Other international,41.776
2016-12-31,investor_type,Total,10049.16
2017-03-31,investor_type,Reserve Bank of Australia,NA
2017-03-31,investor_type,Interbank,2671.568
2017-03-31,investor_type,Bank balance sheet,55.061
2017-03-31,investor_type,Other domestic,5087.114
2017-03-31,investor_type,Japan,6.133
2017-03-31,investor_type,Asia (ex Japan),217.326
2017-03-31,investor_type,UK,851.598
2017-03-31,investor_type,Europe,196.285
2017-03-31,investor_type,Americas,501.528
2017-03-31,investor_type,Other international,40.51
2017-03-31,investor_type,Total,9627.123
2017-06-30,investor_type,Reserve Bank of Australia,NA
2017-06-30,investor_type,Interbank,3364.295
2017-06-30,investor_type,Bank balance sheet,11.073
2017-06-30,investor_type,Other domestic,4361.436
2017-06-30,investor_type,Japan,291.021
2017-06-30,investor_type,Asia (ex Japan),133.782
2017-06-30,investor_type,UK,265.269
2017-06-30,investor_type,Europe,218.207
2017-06-30,investor_type,Americas,889.533
2017-06-30,investor_type,Other international,15.327
2017-06-30,investor_type,Total,9549.943
2017-09-30,investor_type,Reserve Bank of Australia,NA
2017-09-30,investor_type,Interbank,4832.984
2017-09-30,investor_type,Bank balance sheet,5.761
2017-09-30,investor_type,Other domestic,7717.515
2017-09-30,investor_type,Japan,18.527
2017-09-30,investor_type,Asia (ex Japan),199.427
2017-09-30,investor_type,UK,676.948
2017-09-30,investor_type,Europe,498.187
2017-09-30,investor_type,Americas,1351.496
2017-09-30,investor_type,Other international,248.496
2017-09-30,investor_type,Total,15549.341
2017-12-31,investor_type,Reserve Bank of Australia,NA
2017-12-31,investor_type,Interbank,2881.729
2017-12-31,investor_type,Bank balance sheet,37.236
2017-12-31,investor_type,Other domestic,4781.242
2017-12-31,investor_type,Japan,29.379
2017-12-31,investor_type,Asia (ex Japan),201.862
2017-12-31,investor_type,UK,818.331
2017-12-31,investor_type,Europe,759.326
2017-12-31,investor_type,Americas,1156.521
2017-12-31,investor_type,Other international,89.965
2017-12-31,investor_type,Total,10755.591
2018-03-31,investor_type,Reserve Bank of Australia,NA
2018-03-31,investor_type,Interbank,2960.165
2018-03-31,investor_type,Bank balance sheet,0
2018-03-31,investor_type,Other domestic,4233.073
2018-03-31,investor_type,Japan,2.965
2018-03-31,investor_type,Asia (ex Japan),990.328
2018-03-31,investor_type,UK,415.338
2018-03-31,investor_type,Europe,834.553
2018-03-31,investor_type,Americas,863.049
2018-03-31,investor_type,Other international,69.029
2018-03-31,investor_type,Total,10368.5
2018-06-30,investor_type,Reserve Bank of Australia,NA
2018-06-30,investor_type,Interbank,2318.6895
2018-06-30,investor_type,Bank balance sheet,102.19
2018-06-30,investor_type,Other domestic,6434.895
2018-06-30,investor_type,Japan,14.736
2018-06-30,investor_type,Asia (ex Japan),1381.63
2018-06-30,investor_type,UK,1161.101
2018-06-30,investor_type,Europe,1942.478
2018-06-30,investor_type,Americas,530.925
2018-06-30,investor_type,Other international,25.654
2018-06-30,investor_type,Total,13912.2985
2018-09-30,investor_type,Reserve Bank of Australia,NA
2018-09-30,investor_type,Interbank,3415.785
2018-09-30,investor_type,Bank balance sheet,147.464
2018-09-30,investor_type,Other domestic,9398.941
2018-09-30,investor_type,Japan,6.715
2018-09-30,investor_type,Asia (ex Japan),329.726
2018-09-30,investor_type,UK,820.728
2018-09-30,investor_type,Europe,493.529
2018-09-30,investor_type,Americas,1410.605
2018-09-30,investor_type,Other international,46.649
2018-09-30,investor_type,Total,16070.142
2018-12-31,investor_type,Reserve Bank of Australia,NA
2018-12-31,investor_type,Interbank,2204.454
2018-12-31,investor_type,Bank balance sheet,17
2018-12-31,investor_type,Other domestic,4444.427
2018-12-31,investor_type,Japan,3.167
2018-12-31,investor_type,Asia (ex Japan),412.224
2018-12-31,investor_type,UK,768.73
2018-12-31,investor_type,Europe,668.937
2018-12-31,investor_type,Americas,1499.328
2018-12-31,investor_type,Other international,20.87
2018-12-31,investor_type,Total,10039.137
2019-03-31,investor_type,Reserve Bank of Australia,NA
2019-03-31,investor_type,Interbank,2656.3945
2019-03-31,investor_type,Bank balance sheet,54.6
2019-03-31,investor_type,Other domestic,5619.991
2019-03-31,investor_type,Japan,1.307
2019-03-31,investor_type,Asia (ex Japan),282.377
2019-03-31,investor_type,UK,918.294
2019-03-31,investor_type,Europe,529.739
2019-03-31,investor_type,Americas,1197.521
2019-03-31,investor_type,Other international,35.551
2019-03-31,investor_type,Total,11295.7745
2019-06-30,investor_type,Reserve Bank of Australia,NA
2019-06-30,investor_type,Interbank,4517.15
2019-06-30,investor_type,Bank balance sheet,10
2019-06-30,investor_type,Other domestic,6904.654
2019-06-30,investor_type,Japan,1.523
2019-06-30,investor_type,Asia (ex Japan),214.274
2019-06-30,investor_type,UK,1122.526
2019-06-30,investor_type,Europe,473.416
2019-06-30,investor_type,Americas,1492.682
2019-06-30,investor_type,Other international,178.782
2019-06-30,investor_type,Total,14915.007
2019-09-30,investor_type,Reserve Bank of Australia,NA
2019-09-30,investor_type,Interbank,2583.791
2019-09-30,investor_type,Bank balance sheet,38.999
2019-09-30,investor_type,Other domestic,6068.788
2019-09-30,investor_type,Japan,1.829
2019-09-30,investor_type,Asia (ex Japan),286.52
2019-09-30,investor_type,UK,1609.663
2019-09-30,investor_type,Europe,511.545
2019-09-30,investor_type,Americas,1646.349
2019-09-30,investor_type,Other international,58.749
2019-09-30,investor_type,Total,12806.233
2019-12-31,investor_type,Reserve Bank of Australia,NA
2019-12-31,investor_type,Interbank,2211.333
2019-12-31,investor_type,Bank balance sheet,67.943
2019-12-31,investor_type,Other domestic,4651.424
2019-12-31,investor_type,Japan,1.64
2019-12-31,investor_type,Asia (ex Japan),925.45
2019-12-31,investor_type,UK,634.305
2019-12-31,investor_type,Europe,406.023
2019-12-31,investor_type,Americas,1233.411
2019-12-31,investor_type,Other international,59.711
2019-12-31,investor_type,Total,10191.24
2020-03-31,investor_type,Reserve Bank of Australia,0
2020-03-31,investor_type,Interbank,2105.941
2020-03-31,investor_type,Bank balance sheet,179.658
2020-03-31,investor_type,Other domestic,5497.704
2020-03-31,investor_type,Japan,1.38
2020-03-31,investor_type,Asia (ex Japan),675.269
2020-03-31,investor_type,UK,1202.762
2020-03-31,investor_type,Europe,700.931
2020-03-31,investor_type,Americas,1773.833
2020-03-31,investor_type,Other international,116.258
2020-03-31,investor_type,Total,12253.736
2020-06-30,investor_type,Reserve Bank of Australia,0
2020-06-30,investor_type,Interbank,2820.9575
2020-06-30,investor_type,Bank balance sheet,2
2020-06-30,investor_type,Other domestic,6602.937
2020-06-30,investor_type,Japan,95.657
2020-06-30,investor_type,Asia (ex Japan),891.927
2020-06-30,investor_type,UK,1056.756
2020-06-30,investor_type,Europe,437.096
2020-06-30,investor_type,Americas,1289.009
2020-06-30,investor_type,Other international,100.777
2020-06-30,investor_type,Total,13297.1165
2020-09-30,investor_type,Reserve Bank of Australia,0
2020-09-30,investor_type,Interbank,3377.71
2020-09-30,investor_type,Bank balance sheet,74.9
2020-09-30,investor_type,Other domestic,10006.92
2020-09-30,investor_type,Japan,1.506
2020-09-30,investor_type,Asia (ex Japan),1001.996
2020-09-30,investor_type,UK,2785.834
2020-09-30,investor_type,Europe,715.763
2020-09-30,investor_type,Americas,2291.732
2020-09-30,investor_type,Other international,233.06
2020-09-30,investor_type,Total,20489.421
2020-12-31,investor_type,Reserve Bank of Australia,0
2020-12-31,investor_type,Interbank,1932.0295
2020-12-31,investor_type,Bank balance sheet,30
2020-12-31,investor_type,Other domestic,5650.106
2020-12-31,investor_type,Japan,0.585
2020-12-31,investor_type,Asia (ex Japan),308.584
2020-12-31,investor_type,UK,1204.825
2020-12-31,investor_type,Europe,793.155
2020-12-31,investor_type,Americas,1018.226
2020-12-31,investor_type,Other international,143.331
2020-12-31,investor_type,Total,11080.8415
2021-03-31,investor_type,Reserve Bank of Australia,0
2021-03-31,investor_type,Interbank,2550.392
2021-03-31,investor_type,Bank balance sheet,722.929
2021-03-31,investor_type,Other domestic,7769.886
2021-03-31,investor_type,Japan,9.556
2021-03-31,investor_type,Asia (ex Japan),841.154
2021-03-31,investor_type,UK,1891.01
2021-03-31,investor_type,Europe,549.202
2021-03-31,investor_type,Americas,2594.316
2021-03-31,investor_type,Other international,181.435
2021-03-31,investor_type,Total,17109.88
2021-06-30,investor_type,Reserve Bank of Australia,0
2021-06-30,investor_type,Interbank,2305.5985
2021-06-30,investor_type,Bank balance sheet,0
2021-06-30,investor_type,Other domestic,4977.659
2021-06-30,investor_type,Japan,41.854
2021-06-30,investor_type,Asia (ex Japan),177.224
2021-06-30,investor_type,UK,1033.484
2021-06-30,investor_type,Europe,315.436
2021-06-30,investor_type,Americas,415.117
2021-06-30,investor_type,Other international,96.529
2021-06-30,investor_type,Total,9362.9015
2021-09-30,investor_type,Reserve Bank of Australia,0
2021-09-30,investor_type,Interbank,2420.197
2021-09-30,investor_type,Bank balance sheet,0
2021-09-30,investor_type,Other domestic,5709.202
2021-09-30,investor_type,Japan,20.715
2021-09-30,investor_type,Asia (ex Japan),403.562
2021-09-30,investor_type,UK,1725.03
2021-09-30,investor_type,Europe,409.285
2021-09-30,investor_type,Americas,1387.873
2021-09-30,investor_type,Other international,82.742
2021-09-30,investor_type,Total,12158.606
2021-12-31,investor_type,Reserve Bank of Australia,0
2021-12-31,investor_type,Interbank,1802.3655
2021-12-31,investor_type,Bank balance sheet,33.5
2021-12-31,investor_type,Other domestic,4799.29
2021-12-31,investor_type,Japan,0.765
2021-12-31,investor_type,Asia (ex Japan),753.781
2021-12-31,investor_type,UK,2083.902
2021-12-31,investor_type,Europe,547.237
2021-12-31,investor_type,Americas,1712.888
2021-12-31,investor_type,Other international,184.853
2021-12-31,investor_type,Total,11918.5815
2022-03-31,investor_type,Reserve Bank of Australia,0
2022-03-31,investor_type,Interbank,1646.266
2022-03-31,investor_type,Bank balance sheet,154
2022-03-31,investor_type,Other domestic,5610.729
2022-03-31,investor_type,Japan,1.125
2022-03-31,investor_type,Asia (ex Japan),1325.305
2022-03-31,investor_type,UK,1794.971
2022-03-31,investor_type,Europe,849.977
2022-03-31,investor_type,Americas,1925.463
2022-03-31,investor_type,Other international,184.81
2022-03-31,investor_type,Total,13492.646
2022-06-30,investor_type,Reserve Bank of Australia,0
2022-06-30,investor_type,Interbank,1849.599
2022-06-30,investor_type,Bank balance sheet,121.34
2022-06-30,investor_type,Other domestic,5392.234
2022-06-30,investor_type,Japan,0.89
2022-06-30,investor_type,Asia (ex Japan),757.831
2022-06-30,investor_type,UK,902.455
2022-06-30,investor_type,Europe,663.209
2022-06-30,investor_type,Americas,1530.207
2022-06-30,investor_type,Other international,270.084
2022-06-30,investor_type,Total,11487.849
2022-09-30,investor_type,Reserve Bank of Australia,0
2022-09-30,investor_type,Interbank,2210.143
2022-09-30,investor_type,Bank balance sheet,33.532
2022-09-30,investor_type,Other domestic,4024.555
2022-09-30,investor_type,Japan,0.769
2022-09-30,investor_type,Asia (ex Japan),737.716
2022-09-30,investor_type,UK,1607.331
2022-09-30,investor_type,Europe,533.606
2022-09-30,investor_type,Americas,1706.334
2022-09-30,investor_type,Other international,0
2022-09-30,investor_type,Total,10853.986
2022-12-31,investor_type,Reserve Bank of Australia,0
2022-12-31,investor_type,Interbank,2148.084
2022-12-31,investor_type,Bank balance sheet,53.5
2022-12-31,investor_type,Other domestic,6039.622
2022-12-31,investor_type,Japan,2.165
2022-12-31,investor_type,Asia (ex Japan),522.752
2022-12-31,investor_type,UK,1103.966
2022-12-31,investor_type,Europe,555.854
2022-12-31,investor_type,Americas,1159.168
2022-12-31,investor_type,Other international,112.132
2022-12-31,investor_type,Total,11697.243
2023-03-31,investor_type,Reserve Bank of Australia,0
2023-03-31,investor_type,Interbank,1727.999
2023-03-31,investor_type,Bank balance sheet,34.1
2023-03-31,investor_type,Other domestic,4251.341
2023-03-31,investor_type,Japan,0.565
2023-03-31,investor_type,Asia (ex Japan),326.388
2023-03-31,investor_type,UK,1230.882
2023-03-31,investor_type,Europe,255.422
2023-03-31,investor_type,Americas,1247.619
2023-03-31,investor_type,Other international,20.425
2023-03-31,investor_type,Total,9094.741
2023-06-30,investor_type,Reserve Bank of Australia,0
2023-06-30,investor_type,Interbank,1910.3755
2023-06-30,investor_type,Bank balance sheet,146.5
2023-06-30,investor_type,Other domestic,6051.303
2023-06-30,investor_type,Japan,0.39
2023-06-30,investor_type,Asia (ex Japan),438.873
2023-06-30,investor_type,UK,1363.71
2023-06-30,investor_type,Europe,609.904
2023-06-30,investor_type,Americas,557.473
2023-06-30,investor_type,Other international,7.55
2023-06-30,investor_type,Total,11086.0785
